measure,pattern,diff_during_pre,se_during_pre,p_during_pre,diff_after_pre,se_after_pre,p_after_pre,diff_after_during,se_after_during,p_after_during,diff_during_after,se_during_after,p_during_after,mean_pre,n_pre,mean_during,n_during,mean_after,n_after
Segment,Other/mixed,0.0,,,0.0,,,0.0,,,0.0,,,1.0,447,1.0,732,1.0,653
WC,Other/mixed,6.319808178210303,2.2135072584086766,0.0021753496846554457,0.2047130204871047,2.276723399018069,0.46418205242939753,-6.115095157723198,1.9565550124214601,0.0009016418775032426,6.115095157723198,1.9565550124214601,0.0009016418775032426,46.51905630975945,447,56.905407591161584,732,48.731187705088644,653
Analytic,Other/mixed,-2.4402510661118924,0.8634708189078204,0.0023816737700225227,-0.46436976613464004,0.8867078130662929,0.3002751240889549,1.9758812999772524,0.7641146749769406,0.004895558204368107,-1.9758812999772524,0.7641146749769406,0.004895558204368107,42.33053650910088,444,39.24074620383677,730,41.446838837929555,650
Clout,Mid/After > Pre,1.7355220239287938,0.8914673540729806,0.025856270872990122,2.463252084875972,0.9168117385370965,0.003640693913635483,0.727730060947178,0.7902789160000406,0.17862560549676149,-0.727730060947178,0.7902789160000406,0.17862560549676149,33.86755213817328,437,35.82399184009238,723,36.57538312608179,640
Authentic,Other/mixed,2.3547141424575977,0.8505144148725634,0.00284375163229062,-0.2698331384460023,0.8721192634768747,0.37852666679044394,-2.6245472809036,0.7555687031053682,0.000262793758235309,2.6245472809036,0.7555687031053682,0.000262793758235309,63.18601451528554,441,65.81391533974144,728,62.975627607330104,646
Tone,Other/mixed,-2.474350633564284,0.9486873690278066,0.004589582330995253,-1.7529003780200834,0.9779250236000806,0.036614480873335555,0.7214502555442006,0.8394769950440304,0.19511703071325004,-0.7214502555442006,0.8394769950440304,0.19511703071325004,65.03962121697099,428,62.32792495524033,714,63.02979975129335,627
WPS,Other/mixed,0.6175891042071648,0.31671252668589345,0.02566450336030813,0.007654196381385436,0.32476508184932046,0.49059972229400595,-0.6099349078257794,0.2814048166755515,0.0151641299284674,0.6099349078257794,0.2814048166755515,0.0151641299284674,12.0993950803288,446,12.759547288195972,731,12.129729225716039,653
BigWords,Other/mixed,-0.6784520722234424,0.4171503227435722,0.05201883047085532,-0.5646219698842827,0.4277484962173912,0.09350254714229078,0.11383010233915969,0.3706751790240674,0.37940548587740536,-0.11383010233915969,0.3706751790240674,0.37940548587740536,18.81778849914047,446,18.07742120154349,731,18.25216331045482,653
Dic,Other/mixed,1.0175681902425604,0.496316193095347,0.0202416378816021,0.3640931385643025,0.50958958097785,0.23750989208810225,-0.6534750516782579,0.4391508384036796,0.06845614635857088,0.6534750516782579,0.4391508384036796,0.06845614635857088,82.93485795601119,446,84.35850564433939,731,83.47853044296947,653
Linguistic,Other/mixed,1.4514741530941333,0.534914100458554,0.003360381252760964,0.6911373925993229,0.5492704345802596,0.10422518662499358,-0.7603367604948104,0.4734527415457775,0.05422993807610586,0.7603367604948104,0.4734527415457775,0.05422993807610586,65.03792536930415,446,66.8771310000367,731,65.87948190261075,653
function,Other/mixed,1.3699061666501078,0.4463492361836179,0.0010891833054442412,0.3114267787526506,0.4583930753133026,0.2484890394469908,-1.0584793878974572,0.3948263174168578,0.003704529971519918,1.0584793878974572,0.3948263174168578,0.003704529971519918,49.196153120747944,446,50.96868612626013,731,49.68102813228209,653
pronoun,Mid/After > Pre,0.6734844397304125,0.2505995942675797,0.0036321964256883325,0.38981305483433265,0.25712719011992125,0.064842122285251,-0.28367138489607985,0.22215205868992532,0.10089560078179419,0.28367138489607985,0.22215205868992532,0.10089560078179419,14.260597362847411,446,15.037718905371479,731,14.698061813935066,653
ppron,Mid/After > Pre,0.46374114698650964,0.2039966442930324,0.011562521719908474,0.2976216054582275,0.20917723388903603,0.07747949327603075,-0.16611954152828212,0.1809697812076674,0.17938551662502272,0.16611954152828212,0.1809697812076674,0.17938551662502272,9.273036176064824,446,9.820443974520321,731,9.60238217955357,653
i,Other/mixed,0.18922080392661128,0.14900873813294654,0.10214742853624707,-0.045341519088133525,0.15286715507490245,0.3834000129659943,-0.2345623230147448,0.13226344209636645,0.038160536446173975,0.2345623230147448,0.13226344209636645,0.038160536446173975,5.410239015323984,446,5.634132460413127,731,5.3586318137535205,653
we,Other/mixed,0.03552351508902101,0.03362135530976951,0.1454224264716934,0.05162162500720287,0.034414306512570554,0.0668929682575133,0.016098109918181856,0.030012275820455524,0.2958791824114045,-0.016098109918181856,0.030012275820455524,0.2958791824114045,0.3209992567430758,446,0.355019734924457,731,0.37128550907396135,653
you,Mid/After > Pre,0.25833512246381757,0.12893080158198933,0.022626276585905228,0.24175162522454768,0.1322124493933086,0.03381809500283282,-0.016583497239269884,0.11443056461524478,0.44239425184568737,0.016583497239269884,0.11443056461524478,0.44239425184568737,2.190418891421533,446,2.489417375600785,731,2.4588569037802888,653
shehe,Other/mixed,-0.05853037270039368,0.05306874165775537,0.13510441563844736,0.02843700409045802,0.05438506965954194,0.3005596943519351,0.0869673767908517,0.04723539928027875,0.03288093214492323,-0.0869673767908517,0.04723539928027875,0.03288093214492323,0.6139212417747718,446,0.5589672794391529,731,0.6472270750989144,653
they,No change,0.018125420993164006,0.037112819877859915,0.3126671582874526,0.016968762308693867,0.038017502439122886,0.3277019930498344,-0.0011566586844701382,0.0330585360412401,0.486046485944821,0.0011566586844701382,0.0330585360412401,0.486046485944821,0.6234828098189366,446,0.6443380011213435,731,0.6427833872536363,653
ipron,Other/mixed,0.22104664084896958,0.12023593529976505,0.03307986420156734,0.09777063247861273,0.12333598591245006,0.2140225880643259,-0.12327600837035685,0.10678269427118793,0.12423195843622664,0.12327600837035685,0.10678269427118793,0.12423195843622664,4.987564235988527,446,5.21725749758487,731,5.0959685705232225,653
det,Other/mixed,-0.23857654018576116,0.17996086836731637,0.09255018480591998,-0.29556104195725935,0.18458978702302356,0.05475522826468671,-0.05698450177149819,0.15981293043536846,0.3607274447140041,0.05698450177149819,0.15981293043536846,0.3607274447140041,12.191495311887937,446,11.976348407496003,731,11.91770159067607,653
article,No change,-0.06955847993934883,0.1262064530711303,0.29079968342416157,0.041496953284768344,0.12936943354972336,0.37421326741408006,0.11105543322411718,0.11227065154120287,0.16135401229039803,-0.11105543322411718,0.11227065154120287,0.16135401229039803,5.435731207735016,446,5.368718983787431,731,5.484428203300785,653
number,Other/mixed,-0.36766477928998237,0.18479514508681993,0.02339302667167736,-0.27668121299527226,0.1890518586319588,0.07174855493292878,0.0909835662947101,0.16475110883218314,0.2904228008200286,-0.0909835662947101,0.16475110883218314,0.2904228008200286,2.734187992916717,446,2.3353136722873105,731,2.434959107297021,653
prep,Other/mixed,0.2945506591714322,0.1774760013057027,0.04857676886784093,0.08759307367420338,0.18198728644420886,0.3151754063729121,-0.2069575854972288,0.1577237371544563,0.09481676929920099,0.2069575854972288,0.1577237371544563,0.09481676929920099,10.845722267296559,446,11.155660577056505,731,10.930647187895946,653
auxverb,Other/mixed,0.561273481291304,0.16125713168934508,0.0002560106282319551,0.11136127314696963,0.16542014712658426,0.2504517760291388,-0.4499122081443344,0.14304546296018728,0.0008431126878737335,0.4499122081443344,0.14304546296018728,0.0008431126878737335,8.524263781566484,446,9.145798335200999,731,8.643796427795637,653
adverb,Other/mixed,0.22442887137605266,0.14003234857103944,0.054587649178952605,-0.006000634668711264,0.143441685021026,0.4833180920005712,-0.23042950604476392,0.12453110650649052,0.03221028251459312,0.23042950604476392,0.12453110650649052,0.03221028251459312,5.937167604848456,446,6.195848227090476,731,5.943330454535194,653
conj,Other/mixed,0.3320095607810696,0.11274952894697385,0.0016369479385562901,0.09719401862747573,0.11567936017337523,0.2004525641363265,-0.23481554215359385,0.0997561903180895,0.009341636394552244,0.23481554215359385,0.0997561903180895,0.009341636394552244,5.343280120888133,446,5.7662640742386975,731,5.491163125924076,653
negate,No change,-0.0037733156002586685,0.06716952338742561,0.47760386865378945,0.0017425298202941738,0.0688422257986156,0.4899044599560499,0.005515845420552843,0.05975186471029407,0.4632299295447395,-0.005515845420552843,0.05975186471029407,0.4632299295447395,1.5793866743518308,446,1.5870923433425048,731,1.5932837687655819,653
verb,Mid/After > Pre,0.7340981743770305,0.26595555946567256,0.002916892288746138,0.3583265706129364,0.2727194091046245,0.094522071834787,-0.37577160376409413,0.23621441199667134,0.05591298001928235,0.37577160376409413,0.23621441199667134,0.05591298001928235,16.684006875591734,446,17.48820814043062,731,17.041739681363406,653
adj,Other/mixed,0.045597803056963565,0.1659575691627772,0.39176746527191353,-0.18252567813150086,0.16999001426111687,0.14153971908577226,-0.22812348118846443,0.14789333578405345,0.06156429105604553,0.22812348118846443,0.14789333578405345,0.06156429105604553,6.534520652211583,446,6.593168670720443,731,6.367804348548848,653
quantity,No change,-0.07392251949961612,0.14028189495285925,0.2991437291848095,-0.08650619897928327,0.14349848161194334,0.27334596346530804,-0.012583679479667154,0.12551737280141795,0.46007664561260053,0.012583679479667154,0.12551737280141795,0.46007664561260053,3.931473576791808,446,3.857003430259511,731,3.843328733602147,653
Drives,No change,0.036737955151187926,0.12606705081370453,0.3853831317518511,0.14220943747040005,0.12916743692555194,0.13552743134741846,0.10547148231921212,0.1122896637064938,0.17385547437616988,-0.10547148231921212,0.1122896637064938,0.17385547437616988,3.0609702383891695,446,3.093952390053386,731,3.1933390375020427,653
affiliation,Mid/After > Pre,0.10135404169065612,0.07525283160237531,0.0890982954287232,0.13428613007260842,0.07702490815571825,0.04071496410756452,0.0329320883819523,0.06720158234185963,0.31207892657882674,-0.0329320883819523,0.06720158234185963,0.31207892657882674,1.2064668786407513,446,1.3103229698115433,731,1.3391373806852795,653
achieve,Other/mixed,-0.06613997912957935,0.07992986163680528,0.20403791615322697,0.026179075986965592,0.0819857839791841,0.37476307450664903,0.09231905511654494,0.07098674242119343,0.096794915527459,-0.09231905511654494,0.07098674242119343,0.096794915527459,1.1435237788668127,446,1.0628305139801626,731,1.1540900519502497,653
power,No change,-0.0018369045959087899,0.0682603668612996,0.489267122353135,-0.007741692316035184,0.06991994123941246,0.4559243864448256,-0.005904787720126394,0.060826336577162826,0.46133827677792766,0.005904787720126394,0.060826336577162826,0.46133827677792766,0.7625674493713115,446,0.7591886955060169,731,0.7553692437343316,653
Cognition,Other/mixed,0.6893403259262125,0.3177913911653903,0.015099569380493888,-0.16157241545623352,0.32556179928676626,0.30987546468240457,-0.850912741382446,0.282314634871222,0.001306626528673684,0.850912741382446,0.282314634871222,0.001306626528673684,22.532268696143255,446,23.326553766986997,731,22.421921745945927,653
allnone,Other/mixed,-0.055117097881342184,0.08105674162740781,0.24830111066385502,-0.14929684245137087,0.08293033618412819,0.035991599975432303,-0.09417974457002869,0.07246770737784407,0.09694934211269884,0.09417974457002869,0.07246770737784407,0.09694934211269884,1.3042265733078,446,1.2480877912230617,731,1.1543612440289883,653
cogproc,Other/mixed,0.22486431643573618,0.21934770383308186,0.15271404410675063,-0.13398060556130056,0.22489691820003166,0.2757105955967941,-0.35884492199703677,0.19453930131189406,0.03262961584510968,0.35884492199703677,0.19453930131189406,0.03262961584510968,11.561127110111624,446,11.882774111351427,731,11.490849086610043,653
insight,No change,-0.01863947247865338,0.10112250894832861,0.42688922353060815,-0.09117559276201896,0.10346965515164011,0.18916762551077482,-0.07253612028336558,0.09008316529973742,0.21040082593755105,0.07253612028336558,0.09008316529973742,0.21040082593755105,2.616855506918526,446,2.6173659554097854,731,2.5382505552003036,653
cause,No change,-0.020689810571282136,0.054404425947545375,0.35188478504923926,-0.0032404568942132174,0.05568618650700681,0.47680126911843995,0.01744935367706892,0.04857746415725309,0.3597409630480014,-0.01744935367706892,0.04857746415725309,0.3597409630480014,1.3182622669196256,446,1.2992963734160328,731,1.3169399801011001,653
discrep,No change,0.07951939263701721,0.06950471455834162,0.12636885697035802,0.08417146193739866,0.07121367648926036,0.11868840341800142,0.004652069300381451,0.06190055563130123,0.47005023813432617,-0.004652069300381451,0.06190055563130123,0.47005023813432617,1.8761992897016195,446,1.9592059875223111,731,1.9655443084630981,653
tentat,Other/mixed,0.036613349524749185,0.09899963851427146,0.3557748334711939,-0.18375525129560566,0.1014452341292602,0.03512357226379428,-0.22036860082035484,0.08808355722468149,0.006221375974384697,0.22036860082035484,0.08808355722468149,0.006221375974384697,2.8240633335785486,446,2.872766767842551,731,2.6437508830549716,653
certitude,Mid/After > Pre,0.15196647731265026,0.05219589937070706,0.0018205012696185805,0.0713496457011477,0.05346705759541849,0.0911097299847157,-0.08061683161150256,0.04650987622426846,0.04160312685552476,0.08061683161150256,0.04650987622426846,0.04160312685552476,0.786891978181631,446,0.9394295631925395,731,0.8596450914139941,653
differ,No change,-0.024504600071026464,0.09529141003525417,0.3985442919983675,-0.09336109811954178,0.09766342587620798,0.16961263942032595,-0.06885649804851532,0.08466593897079717,0.2080838432380102,0.06885649804851532,0.08466593897079717,0.2080838432380102,3.422029217634555,446,3.4211338913046934,731,3.3408438689375326,653
memory,Other/mixed,0.02124937344184421,0.022078049350009954,0.16797145142311004,0.03932584660145171,0.02257385365266308,0.04082986056038112,0.018076473159607503,0.019758084669412923,0.18018506699678177,-0.018076473159607503,0.019758084669412923,0.18018506699678177,0.07723017807717046,446,0.09875113471679649,731,0.11680532138943342,653
Affect,No change,-0.13091360607214308,0.2996094248326235,0.3311005093901822,0.11653946393863682,0.30714496984954837,0.3522070028172558,0.2474530700107799,0.2663820418506078,0.17652131448109548,-0.2474530700107799,0.2663820418506078,0.17652131448109548,7.165529916437518,446,7.0681206060747135,731,7.307153536246272,653
tone_pos,No change,-0.10598518139931994,0.2704183311410109,0.34757765280767094,0.09403064964792157,0.2773810618317165,0.3673264218604747,0.20001583104724152,0.24012091986052836,0.20248255139576293,-0.20001583104724152,0.24012091986052836,0.20248255139576293,5.413933624459156,446,5.346061523091497,731,5.521709771581871,653
tone_neg,No change,-0.04587204142543177,0.09653449791442979,0.31735486672829893,0.02581015920806977,0.0988164470327657,0.39698657703290896,0.07168220063350153,0.08620736355089374,0.20289739635388498,-0.07168220063350153,0.08620736355089374,0.20289739635388498,1.3456149825836843,446,1.3033593312799758,731,1.3770404121562716,653
emotion,Other/mixed,-0.1214012095097479,0.19994443588067687,0.2719052039649642,0.11413580849123987,0.2046857386113642,0.2885878613577423,0.23553701800098778,0.17819721645428915,0.09320391416551381,-0.23553701800098778,0.17819721645428915,0.09320391416551381,2.527381160962264,446,2.4304999022146587,731,2.661029769375604,653
emo_pos,Other/mixed,-0.12618234188905028,0.18716576347432284,0.2501429073058249,0.12262699705430856,0.19155773254977,0.26107544745522504,0.24880933894335883,0.16684097564325803,0.06802816832409359,-0.24880933894335883,0.16684097564325803,0.06802816832409359,1.7349045528848237,446,1.6306462677276254,731,1.8725611111175473,653
emo_neg,No change,-0.013739370625607112,0.065077389070253,0.41640719749129196,-0.02211907849053346,0.06656167257629303,0.36984683067300034,-0.00837970786492635,0.058242517216380824,0.44280707695204413,0.00837970786492635,0.058242517216380824,0.44280707695204413,0.6419149013045128,446,0.6286791705938294,731,0.6204556449120394,653
emo_anx,Other/mixed,0.03168378506315963,0.015486685972403028,0.020455913879455053,0.01881863189605622,0.015908488969939454,0.11849536249115951,-0.012865153167103408,0.013689068776956002,0.17371907926546953,0.012865153167103408,0.013689068776956002,0.17371907926546953,0.09201670185065262,446,0.13129248091002524,731,0.11781199433070658,653
emo_anger,No change,0.015815775252147123,0.018173245695316375,0.1921314228315274,0.007060615876155249,0.018580741171271283,0.3519961053884496,-0.008755159375991875,0.016275268808076396,0.2953411212535439,0.008755159375991875,0.016275268808076396,0.2953411212535439,0.09114069150416877,446,0.1068334176514874,731,0.09809755513354043,653
emo_sad,Other/mixed,-0.04667340262072901,0.051511896951347565,0.18250904607077723,-0.10706471892073605,0.05266966139169309,0.021110616290771152,-0.060391316300007034,0.046154356347151565,0.09544026793813035,0.060391316300007034,0.046154356347151565,0.09544026793813035,0.2205248149546053,446,0.17391287300264005,731,0.11355085635834523,653
swear,No change,0.0012513406548719885,0.051138882576645964,0.4902404094513719,0.036580900370004235,0.052393521468652324,0.24257201898886377,0.03532955971513225,0.0455588981068478,0.2190811666980837,-0.03532955971513225,0.0455588981068478,0.2190811666980837,0.3236651101113095,446,0.3244635463308532,731,0.3633315889130287,653
Social,Other/mixed,0.3159236817458536,0.2944364314737484,0.14171144384096937,0.4273267656346298,0.3018056697300172,0.07848756067153985,0.11140308388877618,0.26122489827020356,0.3349099124022102,-0.11140308388877618,0.26122489827020356,0.3349099124022102,10.575962982169969,446,11.023521302599008,731,11.098310758329553,653
socbehav,No change,0.043812553221191604,0.19408956306882372,0.4107169008033059,0.18114941850686392,0.1989937523412962,0.18138503885712598,0.13733686528567232,0.17233884855986384,0.2128062656033609,-0.13733686528567232,0.17233884855986384,0.2128062656033609,4.354969995539853,446,4.4558733503735715,731,4.576908906097152,653
prosocial,No change,-0.1010574553619612,0.16943170781109623,0.27547444093414997,-0.003071269496009771,0.17373253781920064,0.4929487718242739,0.09798618586595143,0.15052970978824623,0.25758273068259596,-0.09798618586595143,0.15052970978824623,0.25758273068259596,1.7156066596518014,446,1.6434815431236576,731,1.7317716023569076,653
polite,No change,-0.023666646568243237,0.1553285754152408,0.4394579214578896,-0.025374187761255163,0.15930299517877589,0.43673193581455744,-0.0017075411930119258,0.13796658275267223,0.49506329896604795,0.0017075411930119258,0.13796658275267223,0.49506329896604795,1.3401474936586693,446,1.3380782497777683,731,1.3234532625283355,653
conflict,No change,-0.011491680693450025,0.021639317246098033,0.2977223991010996,-0.021989826760122292,0.022149067840830067,0.16046689397102126,-0.010498146066672267,0.01930502250196662,0.29332139567946425,0.010498146066672267,0.01930502250196662,0.29332139567946425,0.1716392118732968,446,0.15812362901657961,731,0.14839400110691647,653
moral,Other/mixed,-0.036395033393138106,0.030128595792498415,0.11360378243187419,0.0016252180055348008,0.030833244822090117,0.4789843969365137,0.038020251398672905,0.026918231848116425,0.0789961218582642,-0.038020251398672905,0.026918231848116425,0.0789961218582642,0.22094647081246507,446,0.18444746773036438,731,0.22213137788087012,653
comm,No change,-0.08353890708806765,0.1418103408177549,0.2779372116574249,-0.06475104877723979,0.1455238009736251,0.32820371821910144,0.018787858310827854,0.12582913047056227,0.4406617775506494,-0.018787858310827854,0.12582913047056227,0.4406617775506494,2.446001738500451,446,2.3815733775122627,731,2.385485181200539,653
socrefs,No change,0.21702741935161574,0.186050511696159,0.12178284014424057,0.24237411661109476,0.19072020195843858,0.10197437631756588,0.025346697259479023,0.16522412098567116,0.4390467501722559,-0.025346697259479023,0.16522412098567116,0.4390467501722559,6.0601223384788785,446,6.331796984694583,731,6.340301571995167,653
family,Other/mixed,0.07292322977277657,0.03807136130500347,0.027796483765802935,0.035662039711178845,0.038940571597903297,0.17994455140869403,-0.037261190061597727,0.034069599849527864,0.13712008332086786,0.037261190061597727,0.034069599849527864,0.13712008332086786,0.23230050302953653,446,0.3052481851644495,731,0.26805833583591193,653
friend,Other/mixed,0.01197022725726554,0.03781035550100749,0.3757969834186782,-0.04079495965075538,0.038690637599132834,0.1459222719952182,-0.05276518690802092,0.033755139090228314,0.05909232104176511,0.05276518690802092,0.033755139090228314,0.05909232104176511,0.27048383553333927,446,0.2851215577767692,731,0.23064905279593076,653
female,Other/mixed,-0.03447767520739881,0.04142587040445765,0.20268153512726278,0.04581116121018755,0.04247126343527354,0.14044553592513379,0.08028883641758636,0.03679677338679235,0.01462000789207901,-0.08028883641758636,0.03679677338679235,0.01462000789207901,0.44541058711751563,446,0.4213701118306706,731,0.4996998238876163,653
male,Other/mixed,-0.14669173519309572,0.07071452587411298,0.019089956812998115,-0.0811077566357424,0.07236467709504982,0.13125595690479708,0.06558397855735332,0.06317726081780048,0.14968167157433362,-0.06558397855735332,0.06317726081780048,0.14968167157433362,0.8783499133676682,446,0.7329143721363605,731,0.7981372738742839,653
Culture,Other/mixed,-0.2557995463675289,0.13337727325563561,0.02764196248470337,-0.07388397767247573,0.13650774300988203,0.2942027491407787,0.18191556869505315,0.1189975354728755,0.06325176278313564,-0.18191556869505315,0.1189975354728755,0.06325176278313564,1.4776792890726085,446,1.2083860633909875,731,1.3945580405097104,653
politic,No change,-0.017169890048947218,0.026180845058288448,0.25601165148074356,-0.00763820331840248,0.02684706417694293,0.38802669075580715,0.009531686730544737,0.023234248810107792,0.3408379199286615,-0.009531686730544737,0.023234248810107792,0.3408379199286615,0.21573964170954263,446,0.19016070151724046,731,0.2055832754986052,653
ethnicity,Other/mixed,0.07666584964462189,0.02829934758773701,0.003404766566412891,0.03133680540970297,0.029005857512518766,0.14006196077984404,-0.045329044234918923,0.025180976530838787,0.03600246648451081,0.045329044234918923,0.025180976530838787,0.03600246648451081,0.18061405112313975,446,0.2576093954630454,731,0.21062866904243738,653
tech,Other/mixed,-0.31207004091088003,0.12833323501024757,0.007561502506123281,-0.09673091479129145,0.13131676437463297,0.23072318790143947,0.21533912611958858,0.11461273097588935,0.030212632521631325,-0.21533912611958858,0.11461273097588935,0.030212632521631325,1.0816406757286314,446,0.7613274147665171,731,0.9791391500523736,653
Lifestyle,Other/mixed,0.13390929522215103,0.14291561891129964,0.17444594864602314,-0.10198953931239296,0.14674706736213305,0.24357114047628686,-0.235898834534544,0.12668523235336732,0.03137568337394432,0.235898834534544,0.12668523235336732,0.03137568337394432,3.9054021508727854,446,4.041206044076383,731,3.7937840594714323,653
leisure,Other/mixed,-0.10074345567098532,0.06236299849436251,0.05319444498740697,-0.11860336086143813,0.06386665894812804,0.03173267972537563,-0.017859905190452816,0.05563521905040009,0.37411674380475657,0.017859905190452816,0.05563521905040009,0.37411674380475657,0.8131975203165049,446,0.7091438959090751,731,0.6894537492328823,653
home,Other/mixed,0.04046840808683109,0.03145251004398947,0.09918945648283396,-0.022981966316464708,0.032209015069120044,0.2378057639420224,-0.06345037440329579,0.028042317597052918,0.01188665516211771,0.06345037440329579,0.028042317597052918,0.01188665516211771,0.2486261367813034,446,0.290448393472512,731,0.22576959897788806,653
work,Other/mixed,0.16488080662126006,0.11362689681660916,0.07346574392686787,0.03399669336777197,0.11670077185010204,0.38542171638419437,-0.1308841132534881,0.1006519886938824,0.09682031120250081,0.1308841132534881,0.1006519886938824,0.09682031120250081,2.003874160720827,446,2.193155239267346,731,2.0438814139597423,653
money,No change,0.040215515433605784,0.059048231463848376,0.24795923753600146,0.016064092735009826,0.060531263396926646,0.39537139349391004,-0.024151422698595958,0.052529460429904876,0.32286833521671365,0.024151422698595958,0.052529460429904876,0.32286833521671365,0.7527553637319034,446,0.7914271277764501,731,0.7730110432728113,653
relig,Other/mixed,-0.047070950569091594,0.033193019816875176,0.07816636576963648,-0.03080122555965716,0.03395071595410016,0.18220149676706054,0.016269725009434435,0.02966404089012581,0.291719407207949,-0.016269725009434435,0.02966404089012581,0.291719407207949,0.22335035713095328,446,0.1742395402818613,731,0.1916993443521972,653
Physical,Other/mixed,-0.2522270796216713,0.1256940339448238,0.022465690261535744,0.008685584888757883,0.12874708771413781,0.47311049615147166,0.26091266451042916,0.11200611481600001,0.009971863186891637,-0.26091266451042916,0.11200611481600001,0.009971863186891637,1.9750731634232706,446,1.718439334882575,731,1.9819909000401725,653
health,Other/mixed,-0.04349149179213775,0.0459503279321823,0.17201213031628043,0.04452287310093694,0.04701372910639915,0.17187728353521492,0.08801436489307468,0.04108239523262116,0.016147109932203484,-0.08801436489307468,0.04108239523262116,0.016147109932203484,0.3859705430955274,446,0.3426869397212233,731,0.43019094865258145,653
illness,Other/mixed,0.017203704642718656,0.01762952797693064,0.1646349825733437,0.05808255218009417,0.018036329041466775,0.0006515108841937727,0.040878847537375515,0.015762064114149408,0.004788224808835084,-0.040878847537375515,0.015762064114149408,0.004788224808835084,0.08269088758974888,446,0.09951429780413783,731,0.14041712241436613,653
wellness,Other/mixed,-0.06195653108691596,0.02739923712735103,0.011930458048094582,-0.03213032756186931,0.028013470234832687,0.1257741833972324,0.029826203525046655,0.02455223830974054,0.11229855689015479,-0.029826203525046655,0.02455223830974054,0.11229855689015479,0.09642692501493019,446,0.034479918636700545,731,0.06430859538753132,653
mental,Other/mixed,-0.024526197946416996,0.017574183034992186,0.08150512906817842,-0.030428973739655044,0.01797400289888652,0.045318340860345384,-0.005902775793238047,0.0157365516257094,0.3538149293447087,0.005902775793238047,0.0157365516257094,0.3538149293447087,0.06572644203337627,446,0.0414954569022904,731,0.03508036014767701,653
substances,No change,-0.004980445937624196,0.01345787527400988,0.355684122203841,-0.004055373267376552,0.013797349051573647,0.3844246479899865,0.0009250726702476446,0.011964498623894095,0.46918946692182073,-0.0009250726702476446,0.011964498623894095,0.46918946692182073,0.0704116151343543,446,0.06635463795047955,731,0.0667750417296836,653
sexual,Other/mixed,-0.020108184584735112,0.03829454309411072,0.2997912354893886,0.03031610023784805,0.0391662004811184,0.2195044393087418,0.05042428482258316,0.03427460204691698,0.07070663367810856,-0.05042428482258316,0.03427460204691698,0.07070663367810856,0.12993004823978496,446,0.11002614591922924,731,0.16033785309431037,653
food,No change,-0.06216727238528189,0.0793069382884686,0.216605515345911,-0.0026797610181916475,0.08121026716641276,0.4868399689734873,0.05948751136709025,0.07073234688796794,0.20022262957963038,-0.05948751136709025,0.07073234688796794,0.20022262957963038,0.6809627190885651,446,0.6186173800583179,731,0.6796033444074112,653
death,No change,0.005494936348674331,0.01676090963771641,0.37153420652855895,-0.01287227244280017,0.017149154247354786,0.22649298120475247,-0.0183672087914745,0.014962799029944714,0.10989174710455725,0.0183672087914745,0.014962799029944714,0.10989174710455725,0.10098595286366516,446,0.10503315371343759,731,0.08703608673006359,653
need,No change,0.04043737296679511,0.03449460371865675,0.12061852015333681,0.04502447934376969,0.035280254400442274,0.10102442608484759,0.004587106376974584,0.03087359633211002,0.44095190901177145,-0.004587106376974584,0.03087359633211002,0.44095190901177145,0.34041262265740974,446,0.3809068740361903,731,0.3854691605759969,653
want,No change,-0.003188141443693568,0.026564112155269333,0.45224149229058574,0.0012454274389666008,0.027209890018832863,0.4817488355073437,0.004433568882660169,0.023665360604016646,0.4257057722770336,-0.004433568882660169,0.023665360604016646,0.4257057722770336,0.3929647796645206,446,0.39267151817748047,731,0.3969945014495234,653
acquire,Other/mixed,-0.07856751854749414,0.05764410720878228,0.08652905866817005,0.026778262869080225,0.05899244779938136,0.32496765464599875,0.10534578141657436,0.051498109775629936,0.02046814712298971,-0.10534578141657436,0.051498109775629936,0.02046814712298971,0.9485628713587243,446,0.8696553653722557,731,0.9757198553850913,653
lack,No change,-0.014257175716856812,0.022664517965516436,0.2646966058814605,0.006634975610026254,0.023205402050659116,0.3874844679795241,0.020892151326883067,0.02018585967002269,0.15040541034569388,-0.020892151326883067,0.02018585967002269,0.15040541034569388,0.13935271701365906,446,0.12843671509381466,731,0.14891187966223274,653
fulfill,No change,0.00416195319631058,0.03810766314484933,0.4565217207581411,0.04288728453900392,0.03895904138827902,0.1355578156155838,0.03872533134269334,0.03415074591038092,0.12848157242058256,-0.03872533134269334,0.03415074591038092,0.12848157242058256,0.1159514415824252,446,0.12011317540608037,731,0.1588386890593989,653
fatigue,Other/mixed,0.007965143292360302,0.014731639652522204,0.29439609283204937,0.04576811327313092,0.015061664353064995,0.001204787819479812,0.037802969980770616,0.013201708990371777,0.002118910749088508,-0.037802969980770616,0.013201708990371777,0.002118910749088508,0.02201953886971504,446,0.029984679278854773,731,0.06778764831662762,653
reward,No change,0.05321402926896176,0.047949872169118696,0.13361895427381398,0.05067973972655601,0.04928849511201384,0.1519896871007152,-0.0025342895424057474,0.04243962572534364,0.4761945093768842,0.0025342895424057474,0.04243962572534364,0.4761945093768842,0.11397055100111234,446,0.15785551430196162,731,0.1524176451792357,653
risk,Other/mixed,0.01041682569458362,0.045581222633606665,0.40962863660307264,0.07022650319063646,0.04662681787883025,0.06610208672475906,0.05980967749605284,0.040800170598623994,0.07142144377058832,-0.05980967749605284,0.040800170598623994,0.07142144377058832,0.22281104372575658,446,0.23271561271621907,731,0.29209931566641867,653
curiosity,No change,-0.002355015480590417,0.04584116731595658,0.4795168081600413,-0.02432689028291232,0.04692650450299808,0.3021195802705553,-0.021971874802321902,0.04093357178491653,0.29574625119596065,0.021971874802321902,0.04093357178491653,0.29574625119596065,0.4538957505281074,446,0.4528790740072342,731,0.43173746363137616,653
allure,Mid/After > Pre,0.42901368102581244,0.17366540143433046,0.00679447445479347,0.4325123794533998,0.17776217082850013,0.0075328541708183224,0.0034986984275873767,0.15488437372028432,0.4909902531002531,-0.0034986984275873767,0.15488437372028432,0.4909902531002531,7.031879432680003,446,7.479509526919349,731,7.465199189256584,653
Perception,Mid/After > Pre,0.7078383044489821,0.19428892338740322,0.00013837866487012056,0.2971717632592682,0.19908475874712347,0.06784554713684146,-0.4106665411897139,0.17293742540101492,0.008834079076744874,0.4106665411897139,0.17293742540101492,0.008834079076744874,8.076316270801623,446,8.79638215152779,731,8.377401547085796,653
attention,Other/mixed,0.028968413887055802,0.051998923750684774,0.2887648984350134,0.0735672676667258,0.05327121868980081,0.08372475004401883,0.04459885377967,0.04639650895142933,0.16827570502070088,-0.04459885377967,0.04639650895142933,0.16827570502070088,0.554157037376631,446,0.5856789505249265,731,0.6340579002332495,653
motion,Mid/After > Pre,0.22127486891757325,0.08152905103569809,0.0033544250618540044,0.14128236810292297,0.08343392129002525,0.045280194865069234,-0.07999250081465029,0.07280128918536011,0.13600470436643697,0.07999250081465029,0.07280128918536011,0.13600470436643697,1.1500439259959931,446,1.37503295388166,731,1.2946696949279626,653
space,Other/mixed,0.43258319456808225,0.14978584335625703,0.0019612455147452884,0.026790669243228652,0.1535043022559075,0.43073526412957175,-0.4057925253248536,0.13327341323878797,0.0011807546557385264,0.4057925253248536,0.13327341323878797,0.0011807546557385264,5.046487227385285,446,5.492330332512899,731,5.0714003164579,653
visual,No change,-0.04861173593079469,0.08122393702442157,0.2747935193799714,0.006844431027909797,0.08305002942169327,0.4671635245651133,0.055456166958704485,0.07264093382674185,0.22265319615935597,-0.055456166958704485,0.07264093382674185,0.22265319615935597,1.1000806708131095,446,1.0485056894207094,731,1.1052825163503317,653
auditory,No change,-0.004638220211015509,0.029325321412962718,0.4371723894171079,-0.010067163736726042,0.030064095723044703,0.36888581475404086,-0.005428943525710533,0.026081344763586096,0.4175658537281608,0.005428943525710533,0.026081344763586096,0.4175658537281608,0.3227661446162278,446,0.31452546046035557,731,0.3078418620116441,653
feeling,Mid/After > Pre,0.1001740682315907,0.04212009766292768,0.008747567499754604,0.0785001521517301,0.04307067607272364,0.034264501325670424,-0.021673916079860592,0.03764226076871892,0.28241511183191825,0.021673916079860592,0.03764226076871892,0.28241511183191825,0.3976648523002175,446,0.49996896566431276,731,0.4769513307482417,653
time,No change,0.13498198923892152,0.11905040190777483,0.1285089428357925,0.07425837848421848,0.12191589862163976,0.271268561557916,-0.060723610754703033,0.10611685094705879,0.28361711878219803,0.060723610754703033,0.10611685094705879,0.28361711878219803,3.9911521295434595,446,4.13707701158784,731,4.076381047063142,653
focuspast,Other/mixed,0.07470910131384066,0.1276803482835845,0.27926760131720707,0.20775139035799142,0.13082252636510322,0.05622517540657098,0.13304228904415077,0.11368886769414686,0.12103023125237333,-0.13304228904415077,0.11368886769414686,0.12103023125237333,3.2788232119819094,446,3.3600475078941674,731,3.4931914132159188,653
focuspresent,Other/mixed,0.42288919363764244,0.13245297585958735,0.0007166159190146906,0.06042924467553842,0.13566852021928158,0.3280351222243316,-0.36245994896210404,0.1181443630809592,0.0010935223088644592,0.36245994896210404,0.1181443630809592,0.0010935223088644592,5.284243163496478,446,5.714995480350011,731,5.335349176371041,653
focusfuture,Other/mixed,0.11729562436092285,0.07605257825747001,0.061587369712083596,-0.09975789245361297,0.07775933842759288,0.09984393254989543,-0.21705351681453583,0.06797293366471112,0.0007154204583842405,0.21705351681453583,0.06797293366471112,0.0007154204583842405,1.3305368554059904,446,1.4528101278283405,731,1.2320595406669193,653
Conversation,Other/mixed,-0.32485711656476207,0.2181442061253666,0.06830560376081389,0.009558084346087795,0.22347094695648553,0.4829443624584416,0.33441520091084986,0.19431507464047326,0.04271054956904639,-0.33441520091084986,0.19431507464047326,0.04271054956904639,2.283191849003523,446,1.9478968273476953,731,2.2917609130221033,653
netspeak,Other/mixed,-0.20446717437526804,0.1803686959182701,0.12855413014133774,0.1767265490012756,0.18481089670774306,0.16953468531205662,0.38119372337654367,0.16060172149248586,0.008860819515818514,-0.38119372337654367,0.16060172149248586,0.008860819515818514,1.5131334187884684,446,1.3070899921142032,731,1.692014863687638,653
assent,No change,-0.13012657420610985,0.1620750810095171,0.21107473972864615,-0.03437098889376354,0.16577774880986765,0.41788694727348874,0.0957555853123463,0.14505877682797305,0.2546313765710917,-0.0957555853123463,0.14505877682797305,0.2546313765710917,0.6210805510698172,446,0.4925908898502077,731,0.5889228635961058,653
nonflu,No change,-0.014610949612373119,0.03734131420467863,0.3478175558470793,-0.004043083336813439,0.03820224593752178,0.4578629758664349,0.01056786627555968,0.03338323040120327,0.3758060225151581,-0.01056786627555968,0.03338323040120327,0.3758060225151581,0.17200955925162215,446,0.15645178127340817,731,0.16772278920247236,653
filler,Other/mixed,0.010053120885315278,0.030825547926065892,0.37218186025472344,0.04188571666388131,0.03152671083689532,0.09207645911301969,0.03183259577856603,0.027576749667192143,0.12425848144510027,-0.03183259577856603,0.027576749667192143,0.12425848144510027,0.09826128888374944,446,0.1090112963810102,731,0.14077261928685844,653
AllPunc,Other/mixed,-2.038007882176199,0.7872253904729644,0.00485307257749613,-1.7068247333593818,0.8080176027021604,0.017395441467896545,0.3311831488168173,0.6989447300107041,0.3178377723011252,-0.3311831488168173,0.6989447300107041,0.3178377723011252,26.889910650036825,446,24.82304862121445,731,25.31859536457043,653
Period,Other/mixed,-0.45860679878377825,0.2434517265897594,0.02987746117369644,-0.3859016066601796,0.25038113828900904,0.06171374840649329,0.07270519212359866,0.21541707393756046,0.36788601587676273,-0.07270519212359866,0.21541707393756046,0.36788601587676273,5.825699482244647,446,5.522837762556249,731,5.662264625030955,653
Comma,Other/mixed,-0.10255989947492047,0.10701370156942652,0.1689987356963481,-0.3110365676923312,0.1098407623642174,0.0023403972609347596,-0.2084766682174107,0.0949244582265317,0.01410010466320709,0.2084766682174107,0.0949244582265317,0.01410010466320709,3.026951048398191,446,2.916332921185619,731,2.707099778739628,653
QMark,Other/mixed,-0.1817370003409198,0.09606912997246944,0.029342389695545503,-0.19631288698259614,0.09846570275507088,0.023165637989180844,-0.014575886641676333,0.08546895007434331,0.432302126633792,0.014575886641676333,0.08546895007434331,0.432302126633792,1.607675821082115,446,1.4218697297876108,731,1.409791799669328,653
Exclam,Other/mixed,0.06883201953859547,0.36924786724143605,0.42607141615130695,0.664618739993438,0.37892056077067615,0.03980087192383375,0.5957867204548426,0.3276628193591828,0.03459158902413822,-0.5957867204548426,0.3276628193591828,0.03459158902413822,3.424984460408414,446,3.5059974288943496,731,4.1016746062165765,653
Apostro,No change,0.08544307366007195,0.13497298596110052,0.26339391924998645,0.0774096394466683,0.1383102853624248,0.28788282412642474,-0.008033434213403648,0.12014325406726833,0.4733480623791763,0.008033434213403648,0.12014325406726833,0.4733480623791763,3.074622780802344,446,3.167943847765465,731,3.151456947971553,653
OtherP,Other/mixed,-1.4695372677069767,0.6940681409837743,0.017185401623307346,-1.6322897548785404,0.7125846044996157,0.011048227983501137,-0.16275248717156376,0.615319033987482,0.39571187215857895,0.16275248717156376,0.615319033987482,0.39571187215857895,9.930105308159659,446,8.288071724280488,731,8.286593102722371,653
Emoji,Mid/After > Pre,0.25974053922713164,0.17292216559476076,0.06662641176282315,0.45272027833562645,0.17789643372278074,0.005506999853098617,0.1929797391084948,0.1529155344588925,0.10355453965752404,-0.1929797391084948,0.1529155344588925,0.10355453965752404,0.17765481827638027,446,0.525270088415022,731,0.7283312677018567,653
